Samuel Gonzalez,"25 Concar Dr, San Mateo, CA 94402, USA"
Aria Johnson,"600 S El Camino Real, San Mateo, CA 94403, USA"
Benjamin White,"2400 S Norfolk St, San Mateo, CA 94403, USA"
Harper Jones,"50 Tower Rd, San Mateo, CA 94402, USA"
Mason Rodriguez,"50 Bridgepointe Pkwy, San Mateo, CA 94404, USA"
Penelope Martinez,"100 S Delaware St, San Mateo, CA 94403, USA"
Noah Smith,"800 E Hillsdale Blvd, San Mateo, CA 94403, USA"
Ava Anderson,"1500 S El Camino Real, San Mateo, CA 94403, USA"
Sophia Perez,"400 Tower Rd, San Mateo, CA 94402, USA"
Ethan White,"500 E Hillsdale Blvd, San Mateo, CA 94403, USA"
Jackson Davis,"1700 S Delaware St, San Mateo, CA 94403, USA"
Emma Gonzalez,"500 Tower Rd, San Mateo, CA 94402, USA"
Christopher Smith,"2300 S Amphlett Blvd, San Mateo, CA 94402, USA"
Madison Anderson,"300 Bridgepointe Pkwy, San Mateo, CA 94404, USA"
Benjamin Lee,"700 Bridgepointe Pkwy, San Mateo, CA 94404, USA"
Isabella Robinson,"1400 S Amphlett Blvd, San Mateo, CA 94402, USA"
Nathan Martinez,"600 Beach Park Blvd, Foster City, CA 94404, USA"
Harper Gonzalez,"100 Tower Rd, San Mateo, CA 94402, USA"
Mia Jones,"200 Concar Dr, San Mateo, CA 94402, USA"
Adam Brown,"1000 S El Camino Real, San Mateo, CA 94403, USA"
Victoria Perez,"1200 S Norfolk St, San Mateo, CA 94403, USA"
Samuel Green,"800 Concar Dr, San Mateo, CA 94402, USA"
Lillian Martinez,"1700 Tilton Ave, San Mateo, CA 94403, USA"
Christopher Robinson,"2400 S Delaware St, San Mateo, CA 94403, USA"
Mila Smith,"100 E Hillsdale Blvd, San Mateo, CA 94403, USA"
Ava Gonzalez,"2300 S El Camino Real, San Mateo, CA 94403, USA"
Madison Perez,"1701 Bridgepointe Cir, San Mateo, CA 94404, USA"
Alexander White,"1500 S Amphlett Blvd, San Mateo, CA 94402, USA"
Aria Davis,"500 Beach Park Blvd, Foster City, CA 94404, USA"
William Martinez,"700 S Norfolk St, San Mateo, CA 94403, USA"
Harper Anderson,"1400 Bridgepointe Pkwy, San Mateo, CA 94404, USA"
Jackson Smith,"100 S Amphlett Blvd, San Mateo, CA 94402, USA"
Penelope Gonzalez,"1700 Bridgepointe Pkwy, San Mateo, CA 94404, USA"
Benjamin White,"200 Tower Rd, San Mateo, CA 94402, USA"
Emma Martinez,"500 S Norfolk St, San Mateo, CA 94403, USA"
Christopher Brown,"800 Tower Rd, San Mateo, CA 94402, USA"
Jackson Perez,"500 Concar Dr, San Mateo, CA 94402, USA"