Full Name,Address
Emily Wilson,"1234 B Street, San Mateo, CA 94402, USA"
Michael Davis,"567 Park Blvd, San Mateo, CA 94403, USA"
Ashley Johnson,"789 El Camino Real, San Mateo, CA 94404, USA"
Matthew Smith,"123 Ocean Ave, San Mateo, CA 94405, USA"
Lauren Brown,"456 Main Street, San Mateo, CA 94010, USA"
Nicholas Garcia,"789 Broadway, Burlingame, CA 94011, USA"
Joshua Martinez,"567 Ralston Ave, Belmont, CA 94002, USA"
Elizabeth Jackson,"789 Alameda de las Pulgas, San Carlos, CA 94070, USA"
David Martinez,"123 Industrial Road, San Carlos, CA 94070, USA"
Adam Perez,"567 Beach Park Boulevard, Foster City, CA 94404, USA"
James Phillips,"789 Alameda de las Pulgas, San Mateo, CA 94405, USA"
Natalie Nelson,"123 Monte Diablo Ave, San Mateo, CA 94402, USA"
Madison Wilson,"789 El Camino Real, San Carlos, CA 94070, USA"
Rachel Turner,"456 Oak Ave, Redwood City, CA 94063, USA"
Adam Rose,"789 Main Street, Redwood City, CA 94064, USA"
Lauren Flores,"123 Lincoln Ave, Redwood City, CA 94061, USA"
Joshua Perez,"789 Edgewood Road, San Mateo, CA 94402, USA"
William Martinez,"456 Crystal Springs Road, San Mateo, CA 94404, USA"
Olivia Green,"500 2nd Ave, San Mateo, CA 94401, USA"
Ethan Brown,"401 1st Ave, San Mateo, CA 94401, USA"
Emma Johnson,"675 Beach Park Blvd, Foster City, CA 94404, USA"
Sophia Anderson,"1 Tower Pl, San Mateo, CA 94404, USA"
Jackson Lee,"860 E Hillsdale Blvd, Foster City, CA 94404, USA"
Mason Wilson,"600 E Hillsdale Blvd, San Mateo, CA 94403, USA"
Adam Miller,"1125 Chess Dr, San Mateo, CA 94404, USA"
Mia Perez,"1450 Fashion Island Blvd, San Mateo, CA 94404, USA"
Alexander Gonzalez,"1550 Fashion Island Blvd, San Mateo, CA 94404, USA"
Samuel Rodriguez,"555 Shell Blvd, San Mateo, CA 94404, USA"
Harper Turner,"120 De Anza Blvd, San Mateo, CA 94402, USA"
William Jones,"3031 S Delaware St, San Mateo, CA 94403, USA"
Ella Davis,"1150 Chess Dr, San Mateo, CA 94404, USA"
Michael Gonzalez,"700 Airport Blvd, San Mateo, CA 94401, USA"
Scarlett Perez,"2300 S Norfolk St, San Mateo, CA 94403, USA"
Addison Johnson,"400 Concar Dr, San Mateo, CA 94402, USA"
Matthew Anderson,"100 De Anza Blvd, San Mateo, CA 94402, USA"
Penelope Smith,"2500 S Norfolk St, San Mateo, CA 94403, USA"
Elijah Jones,"1701 S Delaware St, San Mateo, CA 94403, USA"
Grace Brown,"1700 S Norfolk St, San Mateo, CA 94403, USA"
Nathan White,"1000 Chess Dr, San Mateo, CA 94404, USA"
Madison Green,"2051 Bridgepointe Pkwy, San Mateo, CA 94404, USA"
Christopher James,"1600 S Delaware St, San Mateo, CA 94403, USA"
Lillian Davis,"401 E 42nd Ave, San Mateo, CA 94403, USA"
Mia Smith,"500 Concar Dr, San Mateo, CA 94402, USA"
Nicholas Anderson,"600 Concar Dr, San Mateo, CA 94402, USA"
Victoria Gonzalez,"400 E Hillsdale Blvd, San Mateo, CA 94403, USA"
Hazel Green,"1700 S Amphlett Blvd, San Mateo, CA 94402, USA"
William Perez,"575 E Hillsdale Blvd, San Mateo, CA 94403, USA"
Ethan Jones,"100 E Hillsdale Blvd, San Mateo, CA 94403, USA"
Amelia White,"50 Concar Dr, San Mateo, CA 94402, USA"
Alexander Robinson,"1601 S Delaware St, San Mateo, CA 94403, USA"
Isabella Smith,"200 Bridgepointe Pkwy, San Mateo, CA 94404, USA"
Owen Wilson,"1750 S Amphlett Blvd, San Mateo, CA 94402, USA"
Scarlett Gonzalez,"500 S El Camino Real, San Mateo, CA 94403, USA"
Benjamin Davis,"401 S Delaware St, San Mateo, CA 94403, USA"
Abigail Martinez,"1700 Tilton Ave, San Mateo, CA 94403, USA"
Jackson Brown,"600 Tower Rd, San Mateo, CA 94402, USA"
Isabella Perez,"1700 Bridgepointe Cir, San Mateo, CA 94404, USA"