Full Name,Address,Longitude,Latitude
Emily Wilson,"1234 B Street, San Mateo, CA 94402, USA",-122.4608085,37.6853795
Michael Davis,"567 Park Blvd, San Mateo, CA 94403, USA",-122.4100215,37.60896831
Ashley Johnson,"789 El Camino Real, San Mateo, CA 94404, USA",-122.4163657,37.62864132
Matthew Smith,"123 Ocean Ave, San Mateo, CA 94405, USA",-122.4420294,37.46315898
Lauren Brown,"456 Main Street, San Mateo, CA 94010, USA",-122.2266507,37.48968929
Nicholas Garcia,"789 Broadway, Burlingame, CA 94011, USA",-122.3610775,37.590905
Joshua Martinez,"567 Ralston Ave, Belmont, CA 94002, USA",-122.274011,37.52196842
Elizabeth Jackson,"789 Alameda de las Pulgas, San Carlos, CA 94070, USA",-122.268261,37.4962752
David Martinez,"123 Industrial Road, San Carlos, CA 94070, USA",-122.2596565,37.51346206
Adam Perez,"567 Beach Park Boulevard, Foster City, CA 94404, USA",-122.2709952,37.54630124
James Phillips,"789 Alameda de las Pulgas, San Mateo, CA 94405, USA",-122.2456516,37.4667392
Natalie Nelson,"123 Monte Diablo Ave, San Mateo, CA 94402, USA",-122.3304956,37.56914607
Madison Wilson,"789 El Camino Real, San Carlos, CA 94070, USA",-122.260186,37.507277
Rachel Turner,"456 Oak Ave, Redwood City, CA 94063, USA",-122.2277105,37.47436719
Adam Rose,"789 Main Street, Redwood City, CA 94064, USA",-122.2262205,37.48681406
Lauren Flores,"123 Lincoln Ave, Redwood City, CA 94061, USA",-122.2267078,37.4796082
Joshua Perez,"789 Edgewood Road, San Mateo, CA 94402, USA",-122.3500957,37.57042662
William Martinez,"456 Crystal Springs Road, San Mateo, CA 94404, USA",-122.3346272,37.55695049
Olivia Green,"500 2nd Ave, San Mateo, CA 94401, USA",-122.32147,37.567393
Ethan Brown,"401 1st Ave, San Mateo, CA 94401, USA",-122.3233153,37.5679225
Emma Johnson,"675 Beach Park Blvd, Foster City, CA 94404, USA",-122.2676685,37.54718298
Sophia Anderson,"1 Tower Pl, San Mateo, CA 94404, USA",-122.398017,37.6662067
Jackson Lee,"860 E Hillsdale Blvd, Foster City, CA 94404, USA",-122.2793216,37.55318927
Mason Wilson,"600 E Hillsdale Blvd, San Mateo, CA 94403, USA",-122.2846961,37.54655217
Adam Miller,"1125 Chess Dr, San Mateo, CA 94404, USA",-122.2737398,37.56792585
Mia Perez,"1450 Fashion Island Blvd, San Mateo, CA 94404, USA",-122.2890564,37.55595615
Alexander Gonzalez,"1550 Fashion Island Blvd, San Mateo, CA 94404, USA",-122.286813,37.55793195
Samuel Rodriguez,"555 Shell Blvd, San Mateo, CA 94404, USA",-122.2739705,37.55996336
Harper Turner,"120 De Anza Blvd, San Mateo, CA 94402, USA",-122.3270138,37.5219332
William Jones,"3031 S Delaware St, San Mateo, CA 94403, USA",-122.3041184,37.5464614
Ella Davis,"1150 Chess Dr, San Mateo, CA 94404, USA",-122.2725223,37.56737688
Michael Gonzalez,"700 Airport Blvd, San Mateo, CA 94401, USA",-122.3479717,37.5897886
Scarlett Perez,"2300 S Norfolk St, San Mateo, CA 94403, USA",-122.289365,37.551162
Addison Johnson,"400 Concar Dr, San Mateo, CA 94402, USA",-122.306622,37.5539
Matthew Anderson,"100 De Anza Blvd, San Mateo, CA 94402, USA",-122.3376671,37.520731
Penelope Smith,"2500 S Norfolk St, San Mateo, CA 94403, USA",-122.2880139,37.54922476
Elijah Jones,"1701 S Delaware St, San Mateo, CA 94403, USA",-122.306934,37.555221
Grace Brown,"1700 S Norfolk St, San Mateo, CA 94403, USA",-122.2978736,37.55995147
Nathan White,"1000 Chess Dr, San Mateo, CA 94404, USA",-122.2751201,37.5644683
Madison Green,"2051 Bridgepointe Pkwy, San Mateo, CA 94404, USA",-122.281991,37.56246842
Christopher James,"1600 S Delaware St, San Mateo, CA 94403, USA",-122.309353,37.557188
Lillian Davis,"401 E 42nd Ave, San Mateo, CA 94403, USA",-122.2891039,37.530426
Mia Smith,"500 Concar Dr, San Mateo, CA 94402, USA",-122.3063877,37.55404343
Nicholas Anderson,"600 Concar Dr, San Mateo, CA 94402, USA",-122.305915,37.554309
Victoria Gonzalez,"400 E Hillsdale Blvd, San Mateo, CA 94403, USA",-122.2902076,37.54303141
Hazel Green,"1700 S Amphlett Blvd, San Mateo, CA 94402, USA",-122.3020483,37.5585798
William Perez,"575 E Hillsdale Blvd, San Mateo, CA 94403, USA",-122.2847686,37.54650142
Ethan Jones,"100 E Hillsdale Blvd, San Mateo, CA 94403, USA",-122.293713,37.539449
Amelia White,"50 Concar Dr, San Mateo, CA 94402, USA",-122.306089,37.5543187
Alexander Robinson,"1601 S Delaware St, San Mateo, CA 94403, USA",-122.309196,37.557296
Isabella Smith,"200 Bridgepointe Pkwy, San Mateo, CA 94404, USA",-122.2814249,37.5629372
Owen Wilson,"1750 S Amphlett Blvd, San Mateo, CA 94402, USA",-122.3002311,37.55659702
Scarlett Gonzalez,"500 S El Camino Real, San Mateo, CA 94403, USA",-122.2986775,37.5379875
Benjamin Davis,"401 S Delaware St, San Mateo, CA 94403, USA",-122.319044,37.566321
Abigail Martinez,"1700 Tilton Ave, San Mateo, CA 94403, USA",-122.3224826,37.572187
Jackson Brown,"600 Tower Rd, San Mateo, CA 94402, USA",-122.3334662,37.5140306
Isabella Perez,"1700 Bridgepointe Cir, San Mateo, CA 94404, USA",-122.2815636,37.5628931